silo_id,lot_id,supplier,discharged_mass_kg
S1,L1011,SUP2,14.289839141812612
S1,L1016,SUP5,317.96837256140736
S1,L1019,SUP6,871.8664682967801
S2,L1001,SUP5,0.33690111303911036
S2,L1015,SUP6,821.3794882874856
S2,L1017,SUP4,24.68961059947534
S3,L1003,SUP3,348.51649601361567
S3,L1005,SUP4,2.685962916069658
S3,L1016,SUP5,16.71818920167355
S3,L1022,SUP3,257.7403518686411
