silo_id,layer_index,lot_id,supplier,segment_mass_kg
S1,1,L1019,SUP6,1064.604
S1,2,L1016,SUP5,1034.262
S1,3,L1011,SUP2,637.781
S2,1,L1015,SUP6,619.99
S2,2,L1015,SUP6,927.163
S2,3,L1017,SUP4,797.508
S2,4,L1001,SUP5,384.649
S3,1,L1003,SUP3,594.606
S3,2,L1022,SUP3,906.576
S3,3,L1016,SUP5,432.948
S3,4,L1005,SUP4,932.613
